"-------------------------------------------------------------------------------------------"
" Monthly atmospheric CO2 concentrations (ppm) derived from flask air samples               "
" Mauna Loa Observatory, Hawaii: Latitude 19.5N Longitude 155.6W Elevation 3397m            "
"                                                                                           "
" Source: R. F. Keeling, S. C. Piper, A. F. Bollenbacher and S. J. Walker                   "
" Scripps CO2 Program ( http://scrippsco2.ucsd.edu )                                        "
" Scripps Institution of Oceanography (SIO)                                                 "
" University of California                                                                  "
" La Jolla, California USA 92093-0244                                                       "
"                                                                                           "
" Status of data and correspondence:                                                        "
"                                                                                           "
" These data are subject to revision based on recalibration of standard gases. Questions    "
" about the data should be directed to Dr. Ralph Keeling (rkeeling@ucsd.edu) and            "
" and Dr. Stephen Piper (scpiper@popmail.ucsd.edu), Scripps CO2 Program.                    "
"                                                                                           "
" Flask data in this file through 25-Oct-2016 last updated 29-Nov-2016                      "
"                                                                                           "
"-------------------------------------------------------------------------------------------"
"                                                                                           "
" Please cite as:                                                                           "
"                                                                                           "
" C. D. Keeling, S. C. Piper, R. B. Bacastow, M. Wahlen, T. P. Whorf, M. Heimann, and       "
" H. A. Meijer, Exchanges of atmospheric CO2 and 13CO2 with the terrestrial biosphere and   "
" oceans from 1978 to 2000.  I. Global aspects, SIO Reference Series, No. 01-06, Scripps    "
" Institution of Oceanography, San Diego, 88 pages, 2001.                                   "
"                                                                                           "
" If it is necessary to cite a peer-reviewed article, please cite as:                       "
"                                                                                           "
" C. D. Keeling, S. C. Piper, R. B. Bacastow, M. Wahlen, T. P. Whorf, M. Heimann, and       "
" H. A. Meijer, Atmospheric CO2 and 13CO2 exchange with the terrestrial biosphere and       "
" oceans from 1978 to 2000: observations and carbon cycle implications, pages 83-113,       "
" in "A History of Atmospheric CO2 and its effects on Plants, Animals, and Ecosystems",     "
" editors, Ehleringer, J.R., T. E. Cerling, M. D. Dearing, Springer Verlag,                 "
" New York, 2005.                                                                           "
"                                                                                           "
"-------------------------------------------------------------------------------------------"
"                                                                                           "
" The data file below contains 10 columns.  Columns 1-4 give the dates in several redundant "
" formats. Column 5 below gives monthly CO2 concentrations in micro-mol CO2 per mole (ppm)  "
" reported on the 2008A SIO manometric mole fraction scale.  This is the standard           "
" version of the data most often sought.  The monthly values have been adjusted             "
" to 24:00 hours on the 15th of each month.  Column 6 gives the same data after a seasonal  "
" adjustment to remove the quasi-regular seasonal cycle.  The adjustment involves           "
" subtracting from the data a 4-harmonic fit with a linear gain factor.  Column 7 is a      "
" smoothed version of the data generated from a stiff cubic spline function plus 4-harmonic "
" functions with linear gain.  Column 8 is the same smoothed version with the seasonal      "
" cycle removed.  Column 9 is identical to Column 5 except that the missing values from     "
" Column 5 have been filled with values from Column 7.  Column 10 is identical to Column 6  "
" except missing values have been filled with values from Column 8.  Missing values are     "
" denoted by -99.99                                                                         "
"                                                                                           "
" CO2 concentrations are measured on the '08A' calibration scale                            "
"                                                                                           "
  Yr, Mn,    Date,      Date,     CO2,seasonally,        fit,  seasonally,      CO2, seasonally
    ,   ,        ,          ,        ,  adjusted,           ,adjusted fit,   filled,adjusted filled
    ,   ,   Excel,          ,   [ppm],    [ppm] ,      [ppm],    [ppm],       [ppm],    [ppm]
1960, 01,   21930, 1960.0410,   -99.99,   -99.99,     -99.99,   -99.99,     -99.99,   -99.99
1960, 02,   21961, 1960.1257,   -99.99,   -99.99,     -99.99,   -99.99,     -99.99,   -99.99
1960, 03,   21990, 1960.2049,   317.69,   316.28,     317.75,   316.33,     317.69,   316.28
1960, 04,   22021, 1960.2896,   319.07,   316.57,     318.92,   316.41,     319.07,   316.57
1960, 05,   22051, 1960.3716,   -99.99,   -99.99,     319.42,   316.49,     319.42,   316.49
1960, 06,   22082, 1960.4563,   -99.99,   -99.99,     318.69,   316.57,     318.69,   316.57
1960, 07,   22112, 1960.5383,   -99.99,   -99.99,     317.13,   316.65,     317.13,   316.65
1960, 08,   22143, 1960.6230,   315.74,   317.33,     315.11,   316.74,     315.74,   317.33
1960, 09,   22174, 1960.7077,   -99.99,   -99.99,     313.70,   316.82,     313.70,   316.82
1960, 10,   22204, 1960.7896,   312.84,   315.85,     313.90,   316.90,     312.84,   315.85
1960, 11,   22235, 1960.8743,   -99.99,   -99.99,     315.22,   316.99,     315.22,   316.99
1960, 12,   22265, 1960.9563,   316.81,   317.47,     316.42,   317.07,     316.81,   317.47
1961, 01,   22296, 1961.0411,   317.40,   317.31,     317.26,   317.16,     317.40,   317.31
1961, 02,   22327, 1961.1260,   -99.99,   -99.99,     317.91,   317.25,     317.91,   317.25
1961, 03,   22355, 1961.2027,   318.14,   316.75,     318.74,   317.33,     318.14,   316.75
1961, 04,   22386, 1961.2877,   -99.99,   -99.99,     319.92,   317.43,     319.92,   317.43
1961, 05,   22416, 1961.3699,   -99.99,   -99.99,     320.45,   317.51,     320.45,   317.51
1961, 06,   22447, 1961.4548,   318.83,   316.66,     319.75,   317.61,     318.83,   316.66
1961, 07,   22477, 1961.5370,   318.94,   318.40,     318.20,   317.69,     318.94,   318.40
1961, 08,   22508, 1961.6219,   315.48,   317.05,     316.18,   317.78,     315.48,   317.05
1961, 09,   22539, 1961.7068,   315.63,   318.75,     314.73,   317.86,     315.63,   318.75
1961, 10,   22569, 1961.7890,   314.91,   317.94,     314.91,   317.92,     314.91,   317.94
1961, 11,   22600, 1961.8740,   316.17,   317.97,     316.20,   317.98,     316.17,   317.97
1961, 12,   22630, 1961.9562,   318.15,   318.82,     317.37,   318.03,     318.15,   318.82
1962, 01,   22661, 1962.0411,   317.85,   317.76,     318.17,   318.07,     317.85,   317.76
1962, 02,   22692, 1962.1260,   318.35,   317.69,     318.77,   318.11,     318.35,   317.69
1962, 03,   22720, 1962.2027,   320.03,   318.64,     319.55,   318.14,     320.03,   318.64
1962, 04,   22751, 1962.2877,   320.29,   317.80,     320.68,   318.17,     320.29,   317.80
1962, 05,   22781, 1962.3699,   321.53,   318.58,     321.15,   318.20,     321.53,   318.58
1962, 06,   22812, 1962.4548,   320.06,   317.89,     320.38,   318.23,     320.06,   317.89
1962, 07,   22842, 1962.5370,   318.01,   317.47,     318.78,   318.27,     318.01,   317.47
1962, 08,   22873, 1962.6219,   317.12,   318.69,     316.70,   318.31,     317.12,   318.69
1962, 09,   22904, 1962.7068,   315.36,   318.49,     315.22,   318.36,     315.36,   318.49
1962, 10,   22934, 1962.7890,   314.66,   317.69,     315.39,   318.41,     314.66,   317.69
1962, 11,   22965, 1962.8740,   316.94,   318.75,     316.68,   318.47,     316.94,   318.75
1962, 12,   22995, 1962.9562,   -99.99,   -99.99,     317.87,   318.52,     317.87,   318.52
1963, 01,   23026, 1963.0411,   -99.99,   -99.99,     318.68,   318.58,     318.68,   318.58
1963, 02,   23057, 1963.1260,   -99.99,   -99.99,     319.31,   318.64,     319.31,   318.64
1963, 03,   23085, 1963.2027,   -99.99,   -99.99,     320.11,   318.70,     320.11,   318.70
1963, 04,   23116, 1963.2877,   -99.99,   -99.99,     321.28,   318.76,     321.28,   318.76
1963, 05,   23146, 1963.3699,   -99.99,   -99.99,     321.78,   318.82,     321.78,   318.82
1963, 06,   23177, 1963.4548,   -99.99,   -99.99,     321.04,   318.88,     321.04,   318.88
1963, 07,   23207, 1963.5370,   -99.99,   -99.99,     319.44,   318.93,     319.44,   318.93
1963, 08,   23238, 1963.6219,   -99.99,   -99.99,     317.38,   318.99,     317.38,   318.99
1963, 09,   23269, 1963.7068,   316.42,   319.56,     315.89,   319.04,     316.42,   319.56
1963, 10,   23299, 1963.7890,   -99.99,   -99.99,     316.05,   319.09,     316.05,   319.09
1963, 11,   23330, 1963.8740,   -99.99,   -99.99,     317.34,   319.13,     317.34,   319.13
1963, 12,   23360, 1963.9562,   -99.99,   -99.99,     318.52,   319.18,     318.52,   319.18
1964, 01,   23391, 1964.0410,   -99.99,   -99.99,     319.31,   319.22,     319.31,   319.22
1964, 02,   23422, 1964.1257,   -99.99,   -99.99,     319.92,   319.25,     319.92,   319.25
1964, 03,   23451, 1964.2049,   -99.99,   -99.99,     320.73,   319.29,     320.73,   319.29
1964, 04,   23482, 1964.2896,   -99.99,   -99.99,     321.87,   319.33,     321.87,   319.33
1964, 05,   23512, 1964.3716,   -99.99,   -99.99,     322.33,   319.36,     322.33,   319.36
1964, 06,   23543, 1964.4563,   -99.99,   -99.99,     321.54,   319.40,     321.54,   319.40
1964, 07,   23573, 1964.5383,   -99.99,   -99.99,     319.92,   319.43,     319.92,   319.43
1964, 08,   23604, 1964.6230,   -99.99,   -99.99,     317.83,   319.47,     317.83,   319.47
1964, 09,   23635, 1964.7077,   -99.99,   -99.99,     316.34,   319.51,     316.34,   319.51
1964, 10,   23665, 1964.7896,   -99.99,   -99.99,     316.51,   319.55,     316.51,   319.55
1964, 11,   23696, 1964.8743,   -99.99,   -99.99,     317.80,   319.59,     317.80,   319.59
1964, 12,   23726, 1964.9563,   319.02,   319.70,     318.98,   319.64,     319.02,   319.70
1965, 01,   23757, 1965.0411,   319.92,   319.83,     319.79,   319.69,     319.92,   319.83
1965, 02,   23788, 1965.1260,   -99.99,   -99.99,     320.41,   319.74,     320.41,   319.74
1965, 03,   23816, 1965.2027,   -99.99,   -99.99,     321.21,   319.79,     321.21,   319.79
1965, 04,   23847, 1965.2877,   322.61,   320.09,     322.39,   319.85,     322.61,   320.09
1965, 05,   23877, 1965.3699,   -99.99,   -99.99,     322.90,   319.92,     322.90,   319.92
1965, 06,   23908, 1965.4548,   -99.99,   -99.99,     322.17,   320.00,     322.17,   320.00
1965, 07,   23938, 1965.5370,   319.27,   318.72,     320.59,   320.08,     319.27,   318.72
1965, 08,   23969, 1965.6219,   -99.99,   -99.99,     318.55,   320.17,     318.55,   320.17
1965, 09,   24000, 1965.7068,   -99.99,   -99.99,     317.11,   320.28,     317.11,   320.28
1965, 10,   24030, 1965.7890,   -99.99,   -99.99,     317.33,   320.38,     317.33,   320.38
1965, 11,   24061, 1965.8740,   -99.99,   -99.99,     318.69,   320.50,     318.69,   320.50
1965, 12,   24091, 1965.9562,   -99.99,   -99.99,     319.95,   320.62,     319.95,   320.62
1966, 01,   24122, 1966.0411,   320.50,   320.41,     320.84,   320.74,     320.50,   320.41
1966, 02,   24153, 1966.1260,   321.88,   321.22,     321.54,   320.86,     321.88,   321.22
1966, 03,   24181, 1966.2027,   -99.99,   -99.99,     322.40,   320.98,     322.40,   320.98
1966, 04,   24212, 1966.2877,   324.41,   321.88,     323.64,   321.10,     324.41,   321.88
1966, 05,   24242, 1966.3699,   -99.99,   -99.99,     324.20,   321.21,     324.20,   321.21
1966, 06,   24273, 1966.4548,   -99.99,   -99.99,     323.50,   321.32,     323.50,   321.32
1966, 07,   24303, 1966.5370,   -99.99,   -99.99,     321.94,   321.43,     321.94,   321.43
1966, 08,   24334, 1966.6219,   -99.99,   -99.99,     319.90,   321.53,     319.90,   321.53
1966, 09,   24365, 1966.7068,   -99.99,   -99.99,     318.44,   321.62,     318.44,   321.62
1966, 10,   24395, 1966.7890,   319.33,   322.41,     318.64,   321.71,     319.33,   322.41
1966, 11,   24426, 1966.8740,   319.77,   321.60,     319.98,   321.79,     319.77,   321.60
1966, 12,   24456, 1966.9562,   321.15,   321.83,     321.20,   321.87,     321.15,   321.83
1967, 01,   24487, 1967.0411,   -99.99,   -99.99,     322.04,   321.94,     322.04,   321.94
1967, 02,   24518, 1967.1260,   -99.99,   -99.99,     322.69,   322.01,     322.69,   322.01
1967, 03,   24546, 1967.2027,   -99.99,   -99.99,     323.50,   322.07,     323.50,   322.07
1967, 04,   24577, 1967.2877,   -99.99,   -99.99,     324.68,   322.13,     324.68,   322.13
1967, 05,   24607, 1967.3699,   -99.99,   -99.99,     325.19,   322.19,     325.19,   322.19
1967, 06,   24638, 1967.4548,   324.85,   322.64,     324.43,   322.24,     324.85,   322.64
1967, 07,   24668, 1967.5370,   322.76,   322.21,     322.81,   322.30,     322.76,   322.21
1967, 08,   24699, 1967.6219,   -99.99,   -99.99,     320.71,   322.35,     320.71,   322.35
1967, 09,   24730, 1967.7068,   -99.99,   -99.99,     319.21,   322.40,     319.21,   322.40
1967, 10,   24760, 1967.7890,   -99.99,   -99.99,     319.38,   322.46,     319.38,   322.46
1967, 11,   24791, 1967.8740,   -99.99,   -99.99,     320.70,   322.52,     320.70,   322.52
1967, 12,   24821, 1967.9562,   -99.99,   -99.99,     321.91,   322.58,     321.91,   322.58
1968, 01,   24852, 1968.0410,   -99.99,   -99.99,     322.74,   322.64,     322.74,   322.64
1968, 02,   24883, 1968.1257,   -99.99,   -99.99,     323.39,   322.71,     323.39,   322.71
1968, 03,   24912, 1968.2049,   323.28,   321.83,     324.25,   322.79,     323.28,   321.83
1968, 04,   24943, 1968.2896,   -99.99,   -99.99,     325.46,   322.87,     325.46,   322.87
1968, 05,   24973, 1968.3716,   326.23,   323.22,     325.97,   322.96,     326.23,   323.22
1968, 06,   25004, 1968.4563,   -99.99,   -99.99,     325.24,   323.06,     325.24,   323.06
1968, 07,   25034, 1968.5383,   323.60,   323.08,     323.65,   323.17,     323.60,   323.08
1968, 08,   25065, 1968.6230,   322.58,   324.22,     321.61,   323.28,     322.58,   324.22
1968, 09,   25096, 1968.7077,   -99.99,   -99.99,     320.18,   323.39,     320.18,   323.39
1968, 10,   25126, 1968.7896,   319.39,   322.49,     320.43,   323.51,     319.39,   322.49
1968, 11,   25157, 1968.8743,   320.98,   322.82,     321.82,   323.64,     320.98,   322.82
1968, 12,   25187, 1968.9563,   323.06,   323.74,     323.10,   323.77,     323.06,   323.74
1969, 01,   25218, 1969.0411,   324.28,   324.19,     324.01,   323.91,     324.28,   324.19
1969, 02,   25249, 1969.1260,   324.15,   323.48,     324.73,   324.05,     324.15,   323.48
1969, 03,   25277, 1969.2027,   -99.99,   -99.99,     325.62,   324.18,     325.62,   324.18
1969, 04,   25308, 1969.2877,   326.54,   323.99,     326.89,   324.32,     326.54,   323.99
1969, 05,   25338, 1969.3699,   328.14,   325.12,     327.47,   324.45,     328.14,   325.12
1969, 06,   25369, 1969.4548,   326.71,   324.49,     326.78,   324.57,     326.71,   324.49
1969, 07,   25399, 1969.5370,   -99.99,   -99.99,     325.21,   324.68,     325.21,   324.68
1969, 08,   25430, 1969.6219,   323.73,   325.34,     323.14,   324.79,     323.73,   325.34
1969, 09,   25461, 1969.7068,   322.29,   325.49,     321.68,   324.89,     322.29,   325.49
1969, 10,   25491, 1969.7890,   321.00,   324.12,     321.88,   324.97,     321.00,   324.12
1969, 11,   25522, 1969.8740,   323.36,   325.21,     323.22,   325.05,     323.36,   325.21
1969, 12,   25552, 1969.9562,   323.52,   324.21,     324.45,   325.13,     323.52,   324.21
1970, 01,   25583, 1970.0411,   325.24,   325.15,     325.30,   325.19,     325.24,   325.15
1970, 02,   25614, 1970.1260,   -99.99,   -99.99,     325.94,   325.26,     325.94,   325.26
1970, 03,   25642, 1970.2027,   326.80,   325.37,     326.76,   325.31,     326.80,   325.37
1970, 04,   25673, 1970.2877,   328.23,   325.67,     327.95,   325.37,     328.23,   325.67
1970, 05,   25703, 1970.3699,   328.33,   325.30,     328.45,   325.42,     328.33,   325.30
1970, 06,   25734, 1970.4548,   -99.99,   -99.99,     327.67,   325.46,     327.67,   325.46
1970, 07,   25764, 1970.5370,   325.98,   325.42,     326.03,   325.51,     325.98,   325.42
1970, 08,   25795, 1970.6219,   323.38,   325.00,     323.89,   325.55,     323.38,   325.00
1970, 09,   25826, 1970.7068,   323.74,   326.95,     322.36,   325.58,     323.74,   326.95
1970, 10,   25856, 1970.7890,   323.09,   326.21,     322.51,   325.62,     323.09,   326.21
1970, 11,   25887, 1970.8740,   324.29,   326.15,     323.81,   325.65,     324.29,   326.15
1970, 12,   25917, 1970.9562,   -99.99,   -99.99,     325.00,   325.67,     325.00,   325.67
1971, 01,   25948, 1971.0411,   326.06,   325.97,     325.81,   325.70,     326.06,   325.97
1971, 02,   25979, 1971.1260,   326.88,   326.21,     326.42,   325.74,     326.88,   326.21
1971, 03,   26007, 1971.2027,   327.01,   325.58,     327.23,   325.78,     327.01,   325.58
1971, 04,   26038, 1971.2877,   327.17,   324.60,     328.42,   325.84,     327.17,   324.60
1971, 05,   26068, 1971.3699,   328.53,   325.49,     328.95,   325.91,     328.53,   325.49
1971, 06,   26099, 1971.4548,   326.55,   324.30,     328.22,   326.00,     326.55,   324.30
1971, 07,   26129, 1971.5370,   326.89,   326.33,     326.63,   326.10,     326.89,   326.33
1971, 08,   26160, 1971.6219,   325.63,   327.25,     324.56,   326.22,     325.63,   327.25
1971, 09,   26191, 1971.7068,   323.53,   326.75,     323.11,   326.35,     323.53,   326.75
1971, 10,   26221, 1971.7890,   -99.99,   -99.99,     323.36,   326.47,     323.36,   326.47
1971, 11,   26252, 1971.8740,   -99.99,   -99.99,     324.77,   326.61,     324.77,   326.61
1971, 12,   26282, 1971.9562,   325.99,   326.68,     326.07,   326.75,     325.99,   326.68
1972, 01,   26313, 1972.0410,   326.76,   326.67,     327.00,   326.90,     326.76,   326.67
1972, 02,   26344, 1972.1257,   328.17,   327.49,     327.73,   327.05,     328.17,   327.49
1972, 03,   26373, 1972.2049,   328.54,   327.07,     328.67,   327.19,     328.54,   327.07
1972, 04,   26404, 1972.2896,   329.87,   327.27,     329.96,   327.35,     329.87,   327.27
1972, 05,   26434, 1972.3716,   330.47,   327.42,     330.55,   327.50,     330.47,   327.42
1972, 06,   26465, 1972.4563,   329.37,   327.15,     329.86,   327.66,     329.37,   327.15
1972, 07,   26495, 1972.5383,   328.79,   328.26,     328.31,   327.81,     328.79,   328.26
1972, 08,   26526, 1972.6230,   326.89,   328.54,     326.28,   327.97,     326.89,   328.54
1972, 09,   26557, 1972.7077,   324.72,   327.96,     324.87,   328.12,     324.72,   327.96
1972, 10,   26587, 1972.7896,   325.14,   328.28,     325.15,   328.27,     325.14,   328.28
1972, 11,   26618, 1972.8743,   326.68,   328.55,     326.58,   328.43,     326.68,   328.55
1972, 12,   26648, 1972.9563,   327.78,   328.47,     327.89,   328.57,     327.78,   328.47
1973, 01,   26679, 1973.0411,   328.66,   328.57,     328.82,   328.72,     328.66,   328.57
1973, 02,   26710, 1973.1260,   329.16,   328.48,     329.56,   328.87,     329.16,   328.48
1973, 03,   26738, 1973.2027,   330.11,   328.66,     330.46,   329.00,     330.11,   328.66
1973, 04,   26769, 1973.2877,   331.33,   328.74,     331.74,   329.13,     331.33,   328.74
1973, 05,   26799, 1973.3699,   332.64,   329.58,     332.32,   329.26,     332.64,   329.58
1973, 06,   26830, 1973.4548,   332.02,   329.77,     331.60,   329.37,     332.02,   329.77
1973, 07,   26860, 1973.5370,   330.41,   329.85,     330.00,   329.47,     330.41,   329.85
1973, 08,   26891, 1973.6219,   329.00,   330.64,     327.88,   329.55,     329.00,   330.64
1973, 09,   26922, 1973.7068,   -99.99,   -99.99,     326.36,   329.62,     326.36,   329.62
1973, 10,   26952, 1973.7890,   327.22,   330.37,     326.53,   329.67,     327.22,   330.37
1973, 11,   26983, 1973.8740,   328.43,   330.31,     327.86,   329.71,     328.43,   330.31
1973, 12,   27013, 1973.9562,   329.20,   329.90,     329.06,   329.75,     329.20,   329.90
1974, 01,   27044, 1974.0411,   329.94,   329.85,     329.88,   329.77,     329.94,   329.85
1974, 02,   27075, 1974.1260,   329.49,   328.81,     330.50,   329.81,     329.49,   328.81
1974, 03,   27103, 1974.2027,   329.80,   328.35,     331.31,   329.84,     329.80,   328.35
1974, 04,   27134, 1974.2877,   332.45,   329.86,     332.50,   329.89,     332.45,   329.86
1974, 05,   27164, 1974.3699,   332.64,   329.57,     333.02,   329.95,     332.64,   329.57
1974, 06,   27195, 1974.4548,   331.53,   329.26,     332.26,   330.02,     331.53,   329.26
1974, 07,   27225, 1974.5370,   331.05,   330.49,     330.63,   330.10,     331.05,   330.49
1974, 08,   27256, 1974.6219,   329.02,   330.66,     328.52,   330.19,     329.02,   330.66
1974, 09,   27287, 1974.7068,   326.74,   330.00,     327.01,   330.28,     326.74,   330.00
1974, 10,   27317, 1974.7890,   327.80,   330.96,     327.22,   330.37,     327.80,   330.96
1974, 11,   27348, 1974.8740,   328.81,   330.70,     328.60,   330.46,     328.81,   330.70
1974, 12,   27378, 1974.9562,   330.41,   331.11,     329.86,   330.55,     330.41,   331.11
1975, 01,   27409, 1975.0411,   -99.99,   -99.99,     330.74,   330.64,     330.74,   330.64
1975, 02,   27440, 1975.1260,   331.07,   330.39,     331.42,   330.73,     331.07,   330.39
1975, 03,   27468, 1975.2027,   332.10,   330.64,     332.28,   330.81,     332.10,   330.64
1975, 04,   27499, 1975.2877,   333.24,   330.64,     333.52,   330.90,     333.24,   330.64
1975, 05,   27529, 1975.3699,   334.26,   331.18,     334.07,   330.99,     334.26,   331.18
1975, 06,   27560, 1975.4548,   332.51,   330.24,     333.33,   331.08,     332.51,   330.24
1975, 07,   27590, 1975.5370,   331.89,   331.33,     331.70,   331.17,     331.89,   331.33
1975, 08,   27621, 1975.6219,   329.97,   331.62,     329.58,   331.26,     329.97,   331.62
1975, 09,   27652, 1975.7068,   329.18,   332.44,     328.06,   331.34,     329.18,   332.44
1975, 10,   27682, 1975.7890,   328.34,   331.52,     328.26,   331.42,     328.34,   331.52
1975, 11,   27713, 1975.8740,   329.00,   330.89,     329.63,   331.50,     329.00,   330.89
1975, 12,   27743, 1975.9562,   330.73,   331.43,     330.89,   331.57,     330.73,   331.43
1976, 01,   27774, 1976.0410,   331.22,   331.13,     331.75,   331.65,     331.22,   331.13
1976, 02,   27805, 1976.1257,   332.78,   332.09,     332.42,   331.72,     332.78,   332.09
1976, 03,   27834, 1976.2049,   334.25,   332.76,     333.30,   331.80,     334.25,   332.76
1976, 04,   27865, 1976.2896,   334.70,   332.06,     334.52,   331.87,     334.70,   332.06
1976, 05,   27895, 1976.3716,   334.64,   331.55,     335.03,   331.94,     334.64,   331.55
1976, 06,   27926, 1976.4563,   334.73,   332.48,     334.25,   332.02,     334.73,   332.48
1976, 07,   27956, 1976.5383,   332.38,   331.85,     332.60,   332.10,     332.38,   331.85
1976, 08,   27987, 1976.6230,   330.65,   332.32,     330.48,   332.19,     330.65,   332.32
1976, 09,   28018, 1976.7077,   328.79,   332.07,     328.99,   332.29,     328.79,   332.07
1976, 10,   28048, 1976.7896,   328.49,   331.67,     329.23,   332.40,     328.49,   331.67
1976, 11,   28079, 1976.8743,   330.70,   332.59,     330.65,   332.52,     330.70,   332.59
1976, 12,   28109, 1976.9563,   332.17,   332.87,     331.97,   332.65,     332.17,   332.87
1977, 01,   28140, 1977.0411,   333.10,   333.01,     332.90,   332.80,     333.10,   333.01
1977, 02,   28171, 1977.1260,   333.07,   332.38,     333.66,   332.96,     333.07,   332.38
1977, 03,   28199, 1977.2027,   334.30,   332.84,     334.59,   333.11,     334.30,   332.84
1977, 04,   28230, 1977.2877,   336.17,   333.55,     335.92,   333.29,     336.17,   333.55
1977, 05,   28260, 1977.3699,   336.71,   333.61,     336.56,   333.46,     336.71,   333.61
1977, 06,   28291, 1977.4548,   336.47,   334.19,     335.91,   333.65,     336.47,   334.19
1977, 07,   28321, 1977.5370,   334.95,   334.39,     334.36,   333.82,     334.95,   334.39
1977, 08,   28352, 1977.6219,   331.68,   333.33,     332.32,   334.01,     331.68,   333.33
1977, 09,   28383, 1977.7068,   330.79,   334.07,     330.89,   334.19,     330.79,   334.07
1977, 10,   28413, 1977.7890,   330.36,   333.56,     331.19,   334.37,     330.36,   333.56
1977, 11,   28444, 1977.8740,   332.55,   334.46,     332.67,   334.55,     332.55,   334.46
1977, 12,   28474, 1977.9562,   334.11,   334.82,     334.03,   334.72,     334.11,   334.82
1978, 01,   28505, 1978.0411,   335.37,   335.27,     335.00,   334.89,     335.37,   335.27
1978, 02,   28536, 1978.1260,   336.11,   335.42,     335.76,   335.06,     336.11,   335.42
1978, 03,   28564, 1978.2027,   337.02,   335.56,     336.68,   335.19,     337.02,   335.56
1978, 04,   28595, 1978.2877,   -99.99,   -99.99,     337.98,   335.33,     337.98,   335.33
1978, 05,   28625, 1978.3699,   -99.99,   -99.99,     338.57,   335.46,     338.57,   335.46
1978, 06,   28656, 1978.4548,   337.75,   335.46,     337.86,   335.59,     337.75,   335.46
1978, 07,   28686, 1978.5370,   336.68,   336.11,     336.23,   335.70,     336.68,   336.11
1978, 08,   28717, 1978.6219,   -99.99,   -99.99,     334.11,   335.81,     334.11,   335.81
1978, 09,   28748, 1978.7068,   332.81,   336.10,     332.60,   335.91,     332.81,   336.10
1978, 10,   28778, 1978.7890,   -99.99,   -99.99,     332.82,   336.01,     332.82,   336.01
1978, 11,   28809, 1978.8740,   334.26,   336.17,     334.22,   336.11,     334.26,   336.17
1978, 12,   28839, 1978.9562,   335.03,   335.74,     335.51,   336.21,     335.03,   335.74
1979, 01,   28870, 1979.0411,   336.39,   336.30,     336.42,   336.31,     336.39,   336.30
1979, 02,   28901, 1979.1260,   336.91,   336.21,     337.13,   336.42,     336.91,   336.21
1979, 03,   28929, 1979.2027,   338.40,   336.93,     338.02,   336.53,     338.40,   336.93
1979, 04,   28960, 1979.2877,   338.45,   335.81,     339.31,   336.65,     338.45,   335.81
1979, 05,   28990, 1979.3699,   339.43,   336.30,     339.90,   336.78,     339.43,   336.30
1979, 06,   29021, 1979.4548,   339.01,   336.71,     339.20,   336.92,     339.01,   336.71
1979, 07,   29051, 1979.5370,   338.22,   337.65,     337.60,   337.06,     338.22,   337.65
1979, 08,   29082, 1979.6219,   336.23,   337.89,     335.51,   337.21,     336.23,   337.89
1979, 09,   29113, 1979.7068,   333.58,   336.89,     334.04,   337.37,     333.58,   336.89
1979, 10,   29143, 1979.7890,   333.90,   337.12,     334.31,   337.52,     333.90,   337.12
1979, 11,   29174, 1979.8740,   335.61,   337.52,     335.78,   337.68,     335.61,   337.52
1979, 12,   29204, 1979.9562,   337.21,   337.92,     337.14,   337.83,     337.21,   337.92
1980, 01,   29235, 1980.0410,   -99.99,   -99.99,     338.10,   337.99,     338.10,   337.99
1980, 02,   29266, 1980.1257,   339.29,   338.59,     338.86,   338.15,     339.29,   338.59
1980, 03,   29295, 1980.2049,   340.30,   338.79,     339.82,   338.30,     340.30,   338.79
1980, 04,   29326, 1980.2896,   340.34,   337.67,     341.13,   338.45,     340.34,   337.67
1980, 05,   29356, 1980.3716,   341.71,   338.57,     341.72,   338.59,     341.71,   338.57
1980, 06,   29387, 1980.4563,   341.01,   338.72,     340.99,   338.73,     341.01,   338.72
1980, 07,   29417, 1980.5383,   338.53,   337.99,     339.38,   338.87,     338.53,   337.99
1980, 08,   29448, 1980.6230,   337.56,   339.26,     337.28,   339.01,     337.56,   339.26
1980, 09,   29479, 1980.7077,   335.66,   338.98,     335.81,   339.15,     335.66,   338.98
1980, 10,   29509, 1980.7896,   336.26,   339.49,     336.07,   339.28,     336.26,   339.49
1980, 11,   29540, 1980.8743,   337.32,   339.24,     337.52,   339.41,     337.32,   339.24
1980, 12,   29570, 1980.9563,   -99.99,   -99.99,     338.83,   339.53,     338.83,   339.53
1981, 01,   29601, 1981.0411,   339.70,   339.61,     339.75,   339.65,     339.70,   339.61
1981, 02,   29632, 1981.1260,   340.54,   339.85,     340.47,   339.76,     340.54,   339.85
1981, 03,   29660, 1981.2027,   341.27,   339.79,     341.35,   339.85,     341.27,   339.79
1981, 04,   29691, 1981.2877,   343.20,   340.54,     342.63,   339.95,     343.20,   340.54
1981, 05,   29721, 1981.3699,   343.16,   340.01,     343.19,   340.05,     343.16,   340.01
1981, 06,   29752, 1981.4548,   342.32,   340.01,     342.43,   340.13,     342.32,   340.01
1981, 07,   29782, 1981.5370,   -99.99,   -99.99,     340.76,   340.22,     340.76,   340.22
1981, 08,   29813, 1981.6219,   338.62,   340.30,     338.59,   340.30,     338.62,   340.30
1981, 09,   29844, 1981.7068,   336.92,   340.25,     337.04,   340.39,     336.92,   340.25
1981, 10,   29874, 1981.7890,   336.95,   340.19,     337.24,   340.47,     336.95,   340.19
1981, 11,   29905, 1981.8740,   338.27,   340.20,     338.65,   340.55,     338.27,   340.20
1981, 12,   29935, 1981.9562,   340.04,   340.76,     339.93,   340.63,     340.04,   340.76
1982, 01,   29966, 1982.0411,   340.67,   340.57,     340.81,   340.70,     340.67,   340.57
1982, 02,   29997, 1982.1260,   341.62,   340.92,     341.48,   340.77,     341.62,   340.92
1982, 03,   30025, 1982.2027,   343.22,   341.73,     342.32,   340.82,     343.22,   341.73
1982, 04,   30056, 1982.2877,   344.06,   341.39,     343.54,   340.86,     344.06,   341.39
1982, 05,   30086, 1982.3699,   343.62,   340.46,     344.05,   340.90,     343.62,   340.46
1982, 06,   30117, 1982.4548,   342.58,   340.26,     343.23,   340.93,     342.58,   340.26
1982, 07,   30147, 1982.5370,   342.24,   341.66,     341.52,   340.98,     342.24,   341.66
1982, 08,   30178, 1982.6219,   339.00,   340.69,     339.31,   341.03,     339.00,   340.69
1982, 09,   30209, 1982.7068,   337.64,   340.98,     337.74,   341.10,     337.64,   340.98
1982, 10,   30239, 1982.7890,   337.88,   341.13,     337.95,   341.19,     337.88,   341.13
1982, 11,   30270, 1982.8740,   339.07,   341.00,     339.39,   341.30,     339.07,   341.00
1982, 12,   30300, 1982.9562,   340.31,   341.03,     340.72,   341.43,     340.31,   341.03
1983, 01,   30331, 1983.0411,   341.81,   341.72,     341.69,   341.58,     341.81,   341.72
1983, 02,   30362, 1983.1260,   342.39,   341.69,     342.47,   341.76,     342.39,   341.69
1983, 03,   30390, 1983.2027,   342.68,   341.19,     343.44,   341.93,     342.68,   341.19
1983, 04,   30421, 1983.2877,   345.40,   342.72,     344.83,   342.14,     345.40,   342.72
1983, 05,   30451, 1983.3699,   345.96,   342.79,     345.50,   342.34,     345.96,   342.79
1983, 06,   30482, 1983.4548,   345.32,   342.99,     344.85,   342.54,     345.32,   342.99
1983, 07,   30512, 1983.5370,   343.14,   342.56,     343.27,   342.73,     343.14,   342.56
1983, 08,   30543, 1983.6219,   341.50,   343.19,     341.20,   342.92,     341.50,   343.19
1983, 09,   30574, 1983.7068,   339.83,   343.18,     339.74,   343.11,     339.83,   343.18
1983, 10,   30604, 1983.7890,   340.05,   343.31,     340.03,   343.28,     340.05,   343.31
1983, 11,   30635, 1983.8740,   340.89,   342.83,     341.54,   343.45,     340.89,   342.83
1983, 12,   30665, 1983.9562,   343.15,   343.87,     342.91,   343.62,     343.15,   343.87
1984, 01,   30696, 1984.0410,   343.99,   343.89,     343.88,   343.78,     343.99,   343.89
1984, 02,   30727, 1984.1257,   344.67,   343.97,     344.64,   343.93,     344.67,   343.97
1984, 03,   30756, 1984.2049,   345.51,   343.99,     345.60,   344.06,     345.51,   343.99
1984, 04,   30787, 1984.2896,   347.33,   344.62,     346.91,   344.19,     347.33,   344.62
1984, 05,   30817, 1984.3716,   347.38,   344.21,     347.47,   344.30,     347.38,   344.21
1984, 06,   30848, 1984.4563,   346.92,   344.60,     346.70,   344.41,     346.92,   344.60
1984, 07,   30878, 1984.5383,   345.15,   344.60,     345.03,   344.51,     345.15,   344.60
1984, 08,   30909, 1984.6230,   342.78,   344.50,     342.86,   344.62,     342.78,   344.50
1984, 09,   30940, 1984.7077,   340.83,   344.20,     341.33,   344.71,     340.83,   344.20
1984, 10,   30970, 1984.7896,   341.66,   344.92,     341.56,   344.81,     341.66,   344.92
1984, 11,   31001, 1984.8743,   343.06,   345.00,     343.00,   344.92,     343.06,   345.00
1984, 12,   31031, 1984.9563,   343.96,   344.68,     344.32,   345.02,     343.96,   344.68
1985, 01,   31062, 1985.0411,   344.74,   344.64,     345.24,   345.14,     344.74,   344.64
1985, 02,   31093, 1985.1260,   345.78,   345.07,     345.97,   345.25,     345.78,   345.07
1985, 03,   31121, 1985.2027,   347.45,   345.94,     346.88,   345.36,     347.45,   345.94
1985, 04,   31152, 1985.2877,   348.01,   345.32,     348.19,   345.48,     348.01,   345.32
1985, 05,   31182, 1985.3699,   348.96,   345.77,     348.77,   345.59,     348.96,   345.77
1985, 06,   31213, 1985.4548,   348.36,   346.02,     348.02,   345.70,     348.36,   346.02
1985, 07,   31243, 1985.5370,   346.61,   346.03,     346.34,   345.79,     346.61,   346.03
1985, 08,   31274, 1985.6219,   343.92,   345.62,     344.15,   345.89,     343.92,   345.62
1985, 09,   31305, 1985.7068,   342.89,   346.26,     342.59,   345.98,     342.89,   346.26
1985, 10,   31335, 1985.7890,   342.97,   346.25,     342.80,   346.06,     342.97,   346.25
1985, 11,   31366, 1985.8740,   344.12,   346.07,     344.23,   346.16,     344.12,   346.07
1985, 12,   31396, 1985.9562,   345.17,   345.90,     345.55,   346.26,     345.17,   345.90
1986, 01,   31427, 1986.0411,   346.21,   346.12,     346.47,   346.36,     346.21,   346.12
1986, 02,   31458, 1986.1260,   347.01,   346.30,     347.20,   346.48,     347.01,   346.30
1986, 03,   31486, 1986.2027,   348.09,   346.59,     348.12,   346.60,     348.09,   346.59
1986, 04,   31517, 1986.2877,   349.59,   346.89,     349.45,   346.73,     349.59,   346.89
1986, 05,   31547, 1986.3699,   350.29,   347.10,     350.06,   346.86,     350.29,   347.10
1986, 06,   31578, 1986.4548,   349.47,   347.12,     349.32,   346.99,     349.47,   347.12
1986, 07,   31608, 1986.5370,   347.85,   347.27,     347.67,   347.12,     347.85,   347.27
1986, 08,   31639, 1986.6219,   345.52,   347.22,     345.51,   347.25,     345.52,   347.22
1986, 09,   31670, 1986.7068,   344.51,   347.89,     343.98,   347.37,     344.51,   347.89
1986, 10,   31700, 1986.7890,   344.21,   347.50,     344.22,   347.50,     344.21,   347.50
1986, 11,   31731, 1986.8740,   345.57,   347.53,     345.70,   347.63,     345.57,   347.53
1986, 12,   31761, 1986.9562,   346.68,   347.40,     347.06,   347.77,     346.68,   347.40
1987, 01,   31792, 1987.0411,   347.68,   347.59,     348.04,   347.93,     347.68,   347.59
1987, 02,   31823, 1987.1260,   348.68,   347.97,     348.84,   348.12,     348.68,   347.97
1987, 03,   31851, 1987.2027,   349.62,   348.11,     349.83,   348.30,     349.62,   348.11
1987, 04,   31882, 1987.2877,   351.11,   348.40,     351.24,   348.52,     351.11,   348.40
1987, 05,   31912, 1987.3699,   351.78,   348.58,     351.94,   348.74,     351.78,   348.58
1987, 06,   31943, 1987.4548,   351.64,   349.28,     351.32,   348.98,     351.64,   349.28
1987, 07,   31973, 1987.5370,   350.08,   349.49,     349.77,   349.22,     350.08,   349.49
1987, 08,   32004, 1987.6219,   347.40,   349.11,     347.71,   349.46,     347.40,   349.11
1987, 09,   32035, 1987.7068,   346.73,   350.12,     346.29,   349.70,     346.73,   350.12
1987, 10,   32065, 1987.7890,   346.72,   350.02,     346.64,   349.92,     346.72,   350.02
1987, 11,   32096, 1987.8740,   348.29,   350.25,     348.21,   350.15,     348.29,   350.25
1987, 12,   32126, 1987.9562,   349.41,   350.14,     349.65,   350.37,     349.41,   350.14
1988, 01,   32157, 1988.0410,   350.35,   350.25,     350.69,   350.58,     350.35,   350.25
1988, 02,   32188, 1988.1257,   351.76,   351.05,     351.52,   350.80,     351.76,   351.05
1988, 03,   32217, 1988.2049,   352.52,   350.97,     352.55,   350.99,     352.52,   350.97
1988, 04,   32248, 1988.2896,   354.05,   351.31,     353.94,   351.18,     354.05,   351.31
1988, 05,   32278, 1988.3716,   354.39,   351.18,     354.57,   351.36,     354.39,   351.18
1988, 06,   32309, 1988.4563,   353.79,   351.44,     353.85,   351.54,     353.79,   351.44
1988, 07,   32339, 1988.5383,   352.46,   351.90,     352.21,   351.69,     352.46,   351.90
1988, 08,   32370, 1988.6230,   350.42,   352.16,     350.06,   351.84,     350.42,   352.16
1988, 09,   32401, 1988.7077,   348.89,   352.30,     348.54,   351.96,     348.89,   352.30
1988, 10,   32431, 1988.7896,   348.98,   352.29,     348.79,   352.08,     348.98,   352.29
1988, 11,   32462, 1988.8743,   349.80,   351.77,     350.24,   352.18,     349.80,   351.77
1988, 12,   32492, 1988.9563,   351.39,   352.12,     351.57,   352.28,     351.39,   352.12
1989, 01,   32523, 1989.0411,   352.48,   352.38,     352.49,   352.38,     352.48,   352.38
1989, 02,   32554, 1989.1260,   353.19,   352.47,     353.21,   352.48,     353.19,   352.47
1989, 03,   32582, 1989.2027,   353.63,   352.11,     354.11,   352.57,     353.63,   352.11
1989, 04,   32613, 1989.2877,   355.63,   352.91,     355.41,   352.67,     355.63,   352.91
1989, 05,   32643, 1989.3699,   355.90,   352.68,     355.99,   352.76,     355.90,   352.68
1989, 06,   32674, 1989.4548,   355.63,   353.26,     355.21,   352.86,     355.63,   353.26
1989, 07,   32704, 1989.5370,   354.07,   353.48,     353.51,   352.95,     354.07,   353.48
1989, 08,   32735, 1989.6219,   351.16,   352.88,     351.28,   353.04,     351.16,   352.88
1989, 09,   32766, 1989.7068,   349.35,   352.77,     349.71,   353.14,     349.35,   352.77
1989, 10,   32796, 1989.7890,   349.50,   352.82,     349.93,   353.24,     349.50,   352.82
1989, 11,   32827, 1989.8740,   351.16,   353.14,     351.41,   353.36,     351.16,   353.14
1989, 12,   32857, 1989.9562,   352.19,   352.92,     352.76,   353.48,     352.19,   352.92
1990, 01,   32888, 1990.0411,   353.71,   353.62,     353.73,   353.62,     353.71,   353.62
1990, 02,   32919, 1990.1260,   355.14,   354.42,     354.48,   353.75,     355.14,   354.42
1990, 03,   32947, 1990.2027,   355.67,   354.14,     355.42,   353.88,     355.67,   354.14
1990, 04,   32978, 1990.2877,   356.72,   353.99,     356.76,   354.01,     356.72,   353.99
1990, 05,   33008, 1990.3699,   357.60,   354.36,     357.36,   354.13,     357.60,   354.36
1990, 06,   33039, 1990.4548,   356.59,   354.21,     356.61,   354.25,     356.59,   354.21
1990, 07,   33069, 1990.5370,   355.29,   354.70,     354.93,   354.37,     355.29,   354.70
1990, 08,   33100, 1990.6219,   352.58,   354.31,     352.73,   354.49,     352.58,   354.31
1990, 09,   33131, 1990.7068,   351.09,   354.52,     351.18,   354.62,     351.09,   354.52
1990, 10,   33161, 1990.7890,   351.17,   354.50,     351.42,   354.74,     351.17,   354.50
1990, 11,   33192, 1990.8740,   352.80,   354.78,     352.91,   354.87,     352.80,   354.78
1990, 12,   33222, 1990.9562,   354.67,   355.41,     354.28,   355.00,     354.67,   355.41
1991, 01,   33253, 1991.0411,   354.61,   354.52,     355.23,   355.13,     354.61,   354.52
1991, 02,   33284, 1991.1260,   356.03,   355.31,     355.98,   355.25,     356.03,   355.31
1991, 03,   33312, 1991.2027,   357.40,   355.87,     356.90,   355.35,     357.40,   355.87
1991, 04,   33343, 1991.2877,   358.43,   355.69,     358.21,   355.45,     358.43,   355.69
1991, 05,   33373, 1991.3699,   359.14,   355.89,     358.78,   355.53,     359.14,   355.89
1991, 06,   33404, 1991.4548,   358.29,   355.90,     357.97,   355.60,     358.29,   355.90
1991, 07,   33434, 1991.5370,   355.55,   354.95,     356.23,   355.67,     355.55,   354.95
1991, 08,   33465, 1991.6219,   354.13,   355.86,     353.96,   355.73,     354.13,   355.86
1991, 09,   33496, 1991.7068,   351.97,   355.41,     352.35,   355.80,     351.97,   355.41
1991, 10,   33526, 1991.7890,   352.19,   355.53,     352.54,   355.87,     352.19,   355.53
1991, 11,   33557, 1991.8740,   353.86,   355.85,     353.98,   355.94,     353.86,   355.85
1991, 12,   33587, 1991.9562,   355.23,   355.96,     355.29,   356.02,     355.23,   355.96
1992, 01,   33618, 1992.0410,   356.43,   356.34,     356.20,   356.10,     356.43,   356.34
1992, 02,   33649, 1992.1257,   356.83,   356.11,     356.90,   356.17,     356.83,   356.11
1992, 03,   33678, 1992.2049,   357.92,   356.35,     357.82,   356.24,     357.92,   356.35
1992, 04,   33709, 1992.2896,   359.16,   356.38,     359.09,   356.30,     359.16,   356.38
1992, 05,   33739, 1992.3716,   359.63,   356.38,     359.60,   356.35,     359.63,   356.38
1992, 06,   33770, 1992.4563,   359.46,   357.09,     358.74,   356.40,     359.46,   357.09
1992, 07,   33800, 1992.5383,   356.46,   355.90,     356.96,   356.43,     356.46,   355.90
1992, 08,   33831, 1992.6230,   354.71,   356.47,     354.66,   356.47,     354.71,   356.47
1992, 09,   33862, 1992.7077,   353.51,   356.97,     353.03,   356.50,     353.51,   356.97
1992, 10,   33892, 1992.7896,   353.08,   356.43,     353.19,   356.52,     353.08,   356.43
1992, 11,   33923, 1992.8743,   354.68,   356.67,     354.59,   356.56,     354.68,   356.67
1992, 12,   33953, 1992.9563,   355.79,   356.53,     355.87,   356.59,     355.79,   356.53
1993, 01,   33984, 1993.0411,   356.77,   356.67,     356.74,   356.63,     356.77,   356.67
1993, 02,   34015, 1993.1260,   357.01,   356.28,     357.42,   356.69,     357.01,   356.28
1993, 03,   34043, 1993.2027,   358.41,   356.87,     358.30,   356.74,     358.41,   356.87
1993, 04,   34074, 1993.2877,   359.16,   356.40,     359.59,   356.81,     359.16,   356.40
1993, 05,   34104, 1993.3699,   360.62,   357.35,     360.16,   356.89,     360.62,   357.35
1993, 06,   34135, 1993.4548,   359.67,   357.26,     359.37,   356.98,     359.67,   357.26
1993, 07,   34165, 1993.5370,   357.43,   356.83,     357.64,   357.08,     357.43,   356.83
1993, 08,   34196, 1993.6219,   355.69,   357.43,     355.40,   357.19,     355.69,   357.43
1993, 09,   34227, 1993.7068,   353.43,   356.89,     353.83,   357.30,     353.43,   356.89
1993, 10,   34257, 1993.7890,   353.81,   357.18,     354.08,   357.43,     353.81,   357.18
1993, 11,   34288, 1993.8740,   355.52,   357.52,     355.58,   357.56,     355.52,   357.52
1993, 12,   34318, 1993.9562,   356.86,   357.61,     356.98,   357.70,     356.86,   357.61
1994, 01,   34349, 1994.0411,   358.49,   358.39,     357.96,   357.85,     358.49,   358.39
1994, 02,   34380, 1994.1260,   359.09,   358.36,     358.74,   358.00,     359.09,   358.36
1994, 03,   34408, 1994.2027,   359.59,   358.05,     359.69,   358.13,     359.59,   358.05
1994, 04,   34439, 1994.2877,   361.21,   358.44,     361.06,   358.27,     361.21,   358.44
1994, 05,   34469, 1994.3699,   361.64,   358.37,     361.69,   358.41,     361.64,   358.37
1994, 06,   34500, 1994.4548,   361.05,   358.64,     360.95,   358.56,     361.05,   358.64
1994, 07,   34530, 1994.5370,   358.93,   358.33,     359.27,   358.71,     358.93,   358.33
1994, 08,   34561, 1994.6219,   357.20,   358.95,     357.09,   358.88,     357.20,   358.95
1994, 09,   34592, 1994.7068,   355.07,   358.54,     355.57,   359.05,     355.07,   358.54
1994, 10,   34622, 1994.7890,   355.75,   359.12,     355.87,   359.23,     355.75,   359.12
1994, 11,   34653, 1994.8740,   357.29,   359.30,     357.44,   359.43,     357.29,   359.30
1994, 12,   34683, 1994.9562,   359.53,   360.27,     358.89,   359.62,     359.53,   360.27
1995, 01,   34714, 1995.0411,   360.10,   360.00,     359.92,   359.81,     360.10,   360.00
1995, 02,   34745, 1995.1260,   360.75,   360.02,     360.75,   360.00,     360.75,   360.02
1995, 03,   34773, 1995.2027,   361.93,   360.38,     361.74,   360.17,     361.93,   360.38
1995, 04,   34804, 1995.2877,   363.07,   360.30,     363.14,   360.35,     363.07,   360.30
1995, 05,   34834, 1995.3699,   363.60,   360.31,     363.80,   360.51,     363.60,   360.31
1995, 06,   34865, 1995.4548,   363.53,   361.11,     363.07,   360.68,     363.53,   361.11
1995, 07,   34895, 1995.5370,   361.70,   361.10,     361.40,   360.83,     361.70,   361.10
1995, 08,   34926, 1995.6219,   358.53,   360.29,     359.20,   360.99,     358.53,   360.29
1995, 09,   34957, 1995.7068,   358.01,   361.49,     357.66,   361.15,     358.01,   361.49
1995, 10,   34987, 1995.7890,   357.55,   360.94,     357.94,   361.31,     357.55,   360.94
1995, 11,   35018, 1995.8740,   359.35,   361.37,     359.48,   361.47,     359.35,   361.37
1995, 12,   35048, 1995.9562,   360.55,   361.30,     360.89,   361.62,     360.55,   361.30
1996, 01,   35079, 1996.0410,   362.15,   362.05,     361.89,   361.78,     362.15,   362.05
1996, 02,   35110, 1996.1257,   362.88,   362.15,     362.68,   361.94,     362.88,   362.15
1996, 03,   35139, 1996.2049,   363.90,   362.31,     363.68,   362.08,     363.90,   362.31
1996, 04,   35170, 1996.2896,   364.63,   361.82,     365.05,   362.22,     364.63,   361.82
1996, 05,   35200, 1996.3716,   365.23,   361.94,     365.64,   362.35,     365.23,   361.94
1996, 06,   35231, 1996.4563,   365.30,   362.90,     364.85,   362.47,     365.30,   362.90
1996, 07,   35261, 1996.5383,   363.82,   363.25,     363.11,   362.58,     363.82,   363.25
1996, 08,   35292, 1996.6230,   361.24,   363.02,     360.85,   362.67,     361.24,   363.02
1996, 09,   35323, 1996.7077,   358.86,   362.36,     359.24,   362.75,     358.86,   362.36
1996, 10,   35353, 1996.7896,   359.39,   362.78,     359.45,   362.82,     359.39,   362.78
1996, 11,   35384, 1996.8743,   360.88,   362.90,     360.90,   362.89,     360.88,   362.90
1996, 12,   35414, 1996.9563,   362.09,   362.84,     362.22,   362.95,     362.09,   362.84
1997, 01,   35445, 1997.0411,   363.02,   362.92,     363.13,   363.02,     363.02,   362.92
1997, 02,   35476, 1997.1260,   364.21,   363.47,     363.85,   363.10,     364.21,   363.47
1997, 03,   35504, 1997.2027,   364.74,   363.18,     364.75,   363.18,     364.74,   363.18
1997, 04,   35535, 1997.2877,   366.18,   363.39,     366.08,   363.27,     366.18,   363.39
1997, 05,   35565, 1997.3699,   366.65,   363.34,     366.68,   363.38,     366.65,   363.34
1997, 06,   35596, 1997.4548,   365.56,   363.12,     365.92,   363.50,     365.56,   363.12
1997, 07,   35626, 1997.5370,   364.02,   363.42,     364.22,   363.65,     364.02,   363.42
1997, 08,   35657, 1997.6219,   362.32,   364.09,     362.01,   363.81,     362.32,   364.09
1997, 09,   35688, 1997.7068,   360.11,   363.61,     360.49,   364.00,     360.11,   363.61
1997, 10,   35718, 1997.7890,   360.51,   363.92,     360.82,   364.21,     360.51,   363.92
1997, 11,   35749, 1997.8740,   362.46,   364.49,     362.43,   364.44,     362.46,   364.49
1997, 12,   35779, 1997.9562,   363.95,   364.70,     363.94,   364.68,     363.95,   364.70
1998, 01,   35810, 1998.0411,   365.00,   364.90,     365.06,   364.95,     365.00,   364.90
1998, 02,   35841, 1998.1260,   365.72,   364.98,     365.98,   365.23,     365.72,   364.98
1998, 03,   35869, 1998.2027,   367.03,   365.46,     367.08,   365.49,     367.03,   365.46
1998, 04,   35900, 1998.2877,   368.38,   365.57,     368.61,   365.79,     368.38,   365.57
1998, 05,   35930, 1998.3699,   369.20,   365.88,     369.40,   366.08,     369.20,   365.88
1998, 06,   35961, 1998.4548,   368.81,   366.37,     368.80,   366.38,     368.81,   366.37
1998, 07,   35991, 1998.5370,   367.61,   367.00,     367.22,   366.65,     367.61,   367.00
1998, 08,   36022, 1998.6219,   365.31,   367.08,     365.10,   366.91,     365.31,   367.08
1998, 09,   36053, 1998.7068,   364.16,   367.67,     363.62,   367.14,     364.16,   367.67
1998, 10,   36083, 1998.7890,   364.04,   367.45,     363.94,   367.34,     364.04,   367.45
1998, 11,   36114, 1998.8740,   365.60,   367.63,     365.51,   367.52,     365.60,   367.63
1998, 12,   36144, 1998.9562,   367.46,   368.22,     366.92,   367.66,     367.46,   368.22
1999, 01,   36175, 1999.0411,   367.91,   367.81,     367.89,   367.78,     367.91,   367.81
1999, 02,   36206, 1999.1260,   368.36,   367.62,     368.63,   367.88,     368.36,   367.62
1999, 03,   36234, 1999.2027,   369.27,   367.70,     369.55,   367.97,     369.27,   367.70
1999, 04,   36265, 1999.2877,   371.01,   368.20,     370.88,   368.05,     371.01,   368.20
1999, 05,   36295, 1999.3699,   370.82,   367.49,     371.46,   368.13,     370.82,   367.49
1999, 06,   36326, 1999.4548,   370.49,   368.04,     370.65,   368.22,     370.49,   368.04
1999, 07,   36356, 1999.5370,   369.33,   368.72,     368.88,   368.31,     369.33,   368.72
1999, 08,   36387, 1999.6219,   366.72,   368.49,     366.59,   368.41,     366.72,   368.49
1999, 09,   36418, 1999.7068,   364.64,   368.17,     364.96,   368.50,     364.64,   368.17
1999, 10,   36448, 1999.7890,   365.06,   368.49,     365.19,   368.60,     365.06,   368.49
1999, 11,   36479, 1999.8740,   366.64,   368.68,     366.69,   368.71,     366.64,   368.68
1999, 12,   36509, 1999.9562,   368.32,   369.08,     368.07,   368.81,     368.32,   369.08
2000, 01,   36540, 2000.0410,   369.61,   369.51,     369.03,   368.92,     369.61,   369.51
2000, 02,   36571, 2000.1257,   369.97,   369.23,     369.77,   369.02,     369.97,   369.23
2000, 03,   36600, 2000.2049,   370.63,   369.03,     370.75,   369.12,     370.63,   369.03
2000, 04,   36631, 2000.2896,   372.03,   369.18,     372.10,   369.24,     372.03,   369.18
2000, 05,   36661, 2000.3716,   371.57,   368.24,     372.70,   369.37,     371.57,   368.24
2000, 06,   36692, 2000.4563,   371.56,   369.12,     371.92,   369.52,     371.56,   369.12
2000, 07,   36722, 2000.5383,   370.05,   369.48,     370.22,   369.68,     370.05,   369.48
2000, 08,   36753, 2000.6230,   368.13,   369.94,     368.00,   369.85,     368.13,   369.94
2000, 09,   36784, 2000.7077,   366.94,   370.49,     366.47,   370.03,     366.94,   370.49
2000, 10,   36814, 2000.7896,   367.14,   370.57,     366.77,   370.19,     367.14,   370.57
2000, 11,   36845, 2000.8743,   368.46,   370.50,     368.33,   370.34,     368.46,   370.50
2000, 12,   36875, 2000.9563,   369.85,   370.61,     369.74,   370.48,     369.85,   370.61
2001, 01,   36906, 2001.0411,   370.94,   370.84,     370.73,   370.61,     370.94,   370.84
2001, 02,   36937, 2001.1260,   371.49,   370.75,     371.49,   370.73,     371.49,   370.75
2001, 03,   36965, 2001.2027,   372.56,   370.98,     372.43,   370.83,     372.56,   370.98
2001, 04,   36996, 2001.2877,   373.35,   370.53,     373.79,   370.94,     373.35,   370.53
2001, 05,   37026, 2001.3699,   374.33,   370.99,     374.39,   371.04,     374.33,   370.99
2001, 06,   37057, 2001.4548,   373.67,   371.20,     373.59,   371.15,     373.67,   371.20
2001, 07,   37087, 2001.5370,   371.49,   370.88,     371.83,   371.25,     371.49,   370.88
2001, 08,   37118, 2001.6219,   369.58,   371.37,     369.54,   371.37,     369.58,   371.37
2001, 09,   37149, 2001.7068,   368.04,   371.58,     367.92,   371.48,     368.04,   371.58
2001, 10,   37179, 2001.7890,   368.25,   371.70,     368.16,   371.59,     368.25,   371.70
2001, 11,   37210, 2001.8740,   369.90,   371.96,     369.68,   371.71,     369.90,   371.96
2001, 12,   37240, 2001.9562,   371.36,   372.12,     371.09,   371.83,     371.36,   372.12
2002, 01,   37271, 2002.0411,   372.01,   371.91,     372.07,   371.96,     372.01,   371.91
2002, 02,   37302, 2002.1260,   372.62,   371.87,     372.86,   372.11,     372.62,   371.87
2002, 03,   37330, 2002.2027,   373.88,   372.29,     373.85,   372.25,     373.88,   372.29
2002, 04,   37361, 2002.2877,   374.58,   371.75,     375.29,   372.43,     374.58,   371.75
2002, 05,   37391, 2002.3699,   375.46,   372.10,     375.98,   372.63,     375.46,   372.10
2002, 06,   37422, 2002.4548,   375.81,   373.33,     375.30,   372.85,     375.81,   373.33
2002, 07,   37452, 2002.5370,   373.91,   373.29,     373.66,   373.08,     373.91,   373.29
2002, 08,   37483, 2002.6219,   371.30,   373.09,     371.50,   373.33,     371.30,   373.09
2002, 09,   37514, 2002.7068,   369.70,   373.26,     370.02,   373.59,     369.70,   373.26
2002, 10,   37544, 2002.7890,   370.41,   373.87,     370.40,   373.84,     370.41,   373.87
2002, 11,   37575, 2002.8740,   372.33,   374.39,     372.07,   374.11,     372.33,   374.39
2002, 12,   37605, 2002.9562,   373.87,   374.63,     373.61,   374.36,     373.87,   374.63
2003, 01,   37636, 2003.0411,   374.67,   374.57,     374.73,   374.61,     374.67,   374.57
2003, 02,   37667, 2003.1260,   375.56,   374.82,     375.62,   374.86,     375.56,   374.82
2003, 03,   37695, 2003.2027,   376.81,   375.23,     376.68,   375.07,     376.81,   375.23
2003, 04,   37726, 2003.2877,   378.01,   375.17,     378.16,   375.30,     378.01,   375.17
2003, 05,   37756, 2003.3699,   378.82,   375.45,     378.88,   375.51,     378.82,   375.45
2003, 06,   37787, 2003.4548,   378.57,   376.09,     378.17,   375.71,     378.57,   376.09
2003, 07,   37817, 2003.5370,   376.09,   375.47,     376.48,   375.90,     376.09,   375.47
2003, 08,   37848, 2003.6219,   374.73,   376.53,     374.24,   376.07,     374.73,   376.53
2003, 09,   37879, 2003.7068,   372.60,   376.17,     372.65,   376.24,     372.60,   376.17
2003, 10,   37909, 2003.7890,   372.87,   376.34,     372.93,   376.38,     372.87,   376.34
2003, 11,   37940, 2003.8740,   375.02,   377.08,     374.48,   376.52,     375.02,   377.08
2003, 12,   37970, 2003.9562,   375.59,   376.36,     375.89,   376.64,     375.59,   376.36
2004, 01,   38001, 2004.0410,   376.41,   376.31,     376.88,   376.76,     376.41,   376.31
2004, 02,   38032, 2004.1257,   377.39,   376.64,     377.64,   376.88,     377.39,   376.64
2004, 03,   38061, 2004.2049,   379.04,   377.42,     378.64,   377.00,     379.04,   377.42
2004, 04,   38092, 2004.2896,   380.50,   377.62,     380.01,   377.11,     380.50,   377.62
2004, 05,   38122, 2004.3716,   380.42,   377.05,     380.59,   377.22,     380.42,   377.05
2004, 06,   38153, 2004.4563,   379.64,   377.17,     379.78,   377.34,     379.64,   377.17
2004, 07,   38183, 2004.5383,   377.50,   376.92,     378.01,   377.46,     377.50,   376.92
2004, 08,   38214, 2004.6230,   375.69,   377.52,     375.73,   377.60,     375.69,   377.52
2004, 09,   38245, 2004.7077,   374.02,   377.60,     374.16,   377.76,     374.02,   377.60
2004, 10,   38275, 2004.7896,   374.33,   377.80,     374.47,   377.93,     374.33,   377.80
2004, 11,   38306, 2004.8743,   376.08,   378.15,     376.07,   378.11,     376.08,   378.15
2004, 12,   38336, 2004.9563,   377.44,   378.21,     377.55,   378.30,     377.44,   378.21
2005, 01,   38367, 2005.0411,   378.48,   378.38,     378.62,   378.50,     378.48,   378.38
2005, 02,   38398, 2005.1260,   379.95,   379.20,     379.48,   378.72,     379.95,   379.20
2005, 03,   38426, 2005.2027,   380.61,   379.01,     380.53,   378.91,     380.61,   379.01
2005, 04,   38457, 2005.2877,   382.00,   379.14,     382.01,   379.13,     382.00,   379.14
2005, 05,   38487, 2005.3699,   382.26,   378.87,     382.73,   379.34,     382.26,   378.87
2005, 06,   38518, 2005.4548,   381.96,   379.46,     382.03,   379.55,     381.96,   379.46
2005, 07,   38548, 2005.5370,   380.99,   380.37,     380.34,   379.76,     380.99,   380.37
2005, 08,   38579, 2005.6219,   378.42,   380.23,     378.11,   379.96,     378.42,   380.23
2005, 09,   38610, 2005.7068,   376.33,   379.92,     376.55,   380.16,     376.33,   379.92
2005, 10,   38640, 2005.7890,   377.00,   380.49,     376.87,   380.34,     377.00,   380.49
2005, 11,   38671, 2005.8740,   378.18,   380.25,     378.47,   380.52,     378.18,   380.25
2005, 12,   38701, 2005.9562,   379.92,   380.69,     379.95,   380.70,     379.92,   380.69
2006, 01,   38732, 2006.0411,   380.96,   380.86,     380.99,   380.88,     380.96,   380.86
2006, 02,   38763, 2006.1260,   381.99,   381.23,     381.82,   381.05,     381.99,   381.23
2006, 03,   38791, 2006.2027,   382.36,   380.76,     382.83,   381.21,     382.36,   380.76
2006, 04,   38822, 2006.2877,   384.76,   381.89,     384.26,   381.37,     384.76,   381.89
2006, 05,   38852, 2006.3699,   385.36,   381.96,     384.92,   381.53,     385.36,   381.96
2006, 06,   38883, 2006.4548,   383.91,   381.41,     384.16,   381.68,     383.91,   381.41
2006, 07,   38913, 2006.5370,   382.36,   381.73,     382.41,   381.83,     382.36,   381.73
2006, 08,   38944, 2006.6219,   380.02,   381.84,     380.12,   381.97,     380.02,   381.84
2006, 09,   38975, 2006.7068,   378.44,   382.04,     378.51,   382.12,     378.44,   382.04
2006, 10,   39005, 2006.7890,   379.05,   382.55,     378.79,   382.27,     379.05,   382.55
2006, 11,   39036, 2006.8740,   380.09,   382.18,     380.36,   382.42,     380.09,   382.18
2006, 12,   39066, 2006.9562,   381.38,   382.16,     381.82,   382.57,     381.38,   382.16
2007, 01,   39097, 2007.0411,   382.95,   382.85,     382.84,   382.73,     382.95,   382.85
2007, 02,   39128, 2007.1260,   384.19,   383.43,     383.66,   382.89,     384.19,   383.43
2007, 03,   39156, 2007.2027,   384.36,   382.75,     384.66,   383.03,     384.36,   382.75
2007, 04,   39187, 2007.2877,   386.47,   383.59,     386.09,   383.19,     386.47,   383.59
2007, 05,   39217, 2007.3699,   386.47,   383.06,     386.75,   383.34,     386.47,   383.06
2007, 06,   39248, 2007.4548,   385.97,   383.46,     385.99,   383.50,     385.97,   383.46
2007, 07,   39278, 2007.5370,   384.62,   384.00,     384.24,   383.65,     384.62,   384.00
2007, 08,   39309, 2007.6219,   381.66,   383.48,     381.96,   383.82,     381.66,   383.48
2007, 09,   39340, 2007.7068,   380.24,   383.85,     380.36,   383.98,     380.24,   383.85
2007, 10,   39370, 2007.7890,   380.79,   384.30,     380.65,   384.14,     380.79,   384.30
2007, 11,   39401, 2007.8740,   382.36,   384.45,     382.24,   384.31,     382.36,   384.45
2007, 12,   39431, 2007.9562,   383.81,   384.59,     383.71,   384.46,     383.81,   384.59
2008, 01,   39462, 2008.0410,   385.47,   385.36,     384.73,   384.62,     385.47,   385.36
2008, 02,   39493, 2008.1257,   385.24,   384.48,     385.54,   384.77,     385.24,   384.48
2008, 03,   39522, 2008.2049,   385.84,   384.20,     386.58,   384.92,     385.84,   384.20
2008, 04,   39553, 2008.2896,   387.35,   384.43,     388.01,   385.08,     387.35,   384.43
2008, 05,   39583, 2008.3716,   388.63,   385.21,     388.65,   385.24,     388.63,   385.21
2008, 06,   39614, 2008.4563,   388.13,   385.64,     387.87,   385.40,     388.13,   385.64
2008, 07,   39644, 2008.5383,   386.53,   385.94,     386.12,   385.56,     386.53,   385.94
2008, 08,   39675, 2008.6230,   383.77,   385.63,     383.83,   385.72,     383.77,   385.63
2008, 09,   39706, 2008.7077,   382.78,   386.41,     382.22,   385.87,     382.78,   386.41
2008, 10,   39736, 2008.7896,   382.49,   386.00,     382.50,   386.00,     382.49,   386.00
2008, 11,   39767, 2008.8743,   383.98,   386.07,     384.07,   386.14,     383.98,   386.07
2008, 12,   39797, 2008.9563,   385.36,   386.14,     385.50,   386.26,     385.36,   386.14
2009, 01,   39828, 2009.0411,   386.87,   386.76,     386.50,   386.39,     386.87,   386.76
2009, 02,   39859, 2009.1260,   387.19,   386.43,     387.29,   386.52,     387.19,   386.43
2009, 03,   39887, 2009.2027,   388.26,   386.65,     388.27,   386.63,     388.26,   386.65
2009, 04,   39918, 2009.2877,   389.39,   386.49,     389.69,   386.77,     389.39,   386.49
2009, 05,   39948, 2009.3699,   390.10,   386.67,     390.34,   386.91,     390.10,   386.67
2009, 06,   39979, 2009.4548,   389.54,   387.01,     389.58,   387.08,     389.54,   387.01
2009, 07,   40009, 2009.5370,   387.72,   387.09,     387.83,   387.24,     387.72,   387.09
2009, 08,   40040, 2009.6219,   385.73,   387.56,     385.56,   387.43,     385.73,   387.56
2009, 09,   40071, 2009.7068,   384.26,   387.89,     383.98,   387.62,     384.26,   387.89
2009, 10,   40101, 2009.7890,   384.29,   387.82,     384.30,   387.82,     384.29,   387.82
2009, 11,   40132, 2009.8740,   385.85,   387.95,     385.95,   388.03,     385.85,   387.95
2009, 12,   40162, 2009.9562,   387.30,   388.08,     387.47,   388.23,     387.30,   388.08
2010, 01,   40193, 2010.0411,   387.97,   387.86,     388.57,   388.45,     387.97,   387.86
2010, 02,   40224, 2010.1260,   389.39,   388.63,     389.45,   388.68,     389.39,   388.63
2010, 03,   40252, 2010.2027,   390.58,   388.96,     390.52,   388.88,     390.58,   388.96
2010, 04,   40283, 2010.2877,   392.63,   389.73,     392.02,   389.10,     392.63,   389.73
2010, 05,   40313, 2010.3699,   392.98,   389.53,     392.74,   389.30,     392.98,   389.53
2010, 06,   40344, 2010.4548,   392.29,   389.75,     392.00,   389.50,     392.29,   389.75
2010, 07,   40374, 2010.5370,   390.08,   389.45,     390.27,   389.67,     390.08,   389.45
2010, 08,   40405, 2010.6219,   387.78,   389.61,     387.98,   389.85,     387.78,   389.61
2010, 09,   40436, 2010.7068,   386.23,   389.87,     386.36,   390.02,     386.23,   389.87
2010, 10,   40466, 2010.7890,   387.03,   390.57,     386.65,   390.18,     387.03,   390.57
2010, 11,   40497, 2010.8740,   388.50,   390.60,     388.25,   390.33,     388.50,   390.60
2010, 12,   40527, 2010.9562,   389.62,   390.40,     389.71,   390.48,     389.62,   390.40
2011, 01,   40558, 2011.0411,   391.19,   391.08,     390.73,   390.62,     391.19,   391.08
2011, 02,   40589, 2011.1260,   391.52,   390.75,     391.54,   390.76,     391.52,   390.75
2011, 03,   40617, 2011.2027,   392.09,   390.47,     392.54,   390.89,     392.09,   390.47
2011, 04,   40648, 2011.2877,   393.54,   390.62,     393.98,   391.05,     393.54,   390.62
2011, 05,   40678, 2011.3699,   394.54,   391.09,     394.66,   391.21,     394.54,   391.09
2011, 06,   40709, 2011.4548,   393.40,   390.86,     393.90,   391.39,     393.40,   390.86
2011, 07,   40739, 2011.5370,   392.45,   391.82,     392.16,   391.57,     392.45,   391.82
2011, 08,   40770, 2011.6219,   390.08,   391.93,     389.88,   391.76,     390.08,   391.93
2011, 09,   40801, 2011.7068,   388.44,   392.10,     388.28,   391.95,     388.44,   392.10
2011, 10,   40831, 2011.7890,   389.05,   392.61,     388.59,   392.12,     389.05,   392.61
2011, 11,   40862, 2011.8740,   390.31,   392.42,     390.21,   392.30,     390.31,   392.42
2011, 12,   40892, 2011.9562,   391.78,   392.57,     391.70,   392.47,     391.78,   392.57
2012, 01,   40923, 2012.0410,   392.90,   392.80,     392.76,   392.65,     392.90,   392.80
2012, 02,   40954, 2012.1257,   393.22,   392.45,     393.60,   392.82,     393.22,   392.45
2012, 03,   40983, 2012.2049,   394.21,   392.55,     394.68,   393.00,     394.21,   392.55
2012, 04,   41014, 2012.2896,   396.23,   393.28,     396.17,   393.20,     396.23,   393.28
2012, 05,   41044, 2012.3716,   396.93,   393.48,     396.86,   393.41,     396.93,   393.48
2012, 06,   41075, 2012.4563,   395.93,   393.40,     396.13,   393.63,     395.93,   393.40
2012, 07,   41105, 2012.5383,   394.32,   393.72,     394.42,   393.86,     394.32,   393.72
2012, 08,   41136, 2012.6230,   391.88,   393.76,     392.20,   394.11,     391.88,   393.76
2012, 09,   41167, 2012.7077,   391.00,   394.67,     390.69,   394.37,     391.00,   394.67
2012, 10,   41197, 2012.7896,   390.92,   394.48,     391.09,   394.63,     390.92,   394.48
2012, 11,   41228, 2012.8743,   393.25,   395.36,     392.81,   394.90,     393.25,   395.36
2012, 12,   41258, 2012.9563,   394.48,   395.26,     394.39,   395.16,     394.48,   395.26
2013, 01,   41289, 2013.0411,   395.61,   395.50,     395.53,   395.42,     395.61,   395.50
2013, 02,   41320, 2013.1260,   396.71,   395.94,     396.45,   395.66,     396.71,   395.94
2013, 03,   41348, 2013.2027,   397.85,   396.21,     397.54,   395.88,     397.85,   396.21
2013, 04,   41379, 2013.2877,   398.72,   395.79,     399.06,   396.11,     398.72,   395.79
2013, 05,   41409, 2013.3699,   400.04,   396.57,     399.80,   396.33,     400.04,   396.57
2013, 06,   41440, 2013.4548,   398.71,   396.16,     399.08,   396.55,     398.71,   396.16
2013, 07,   41470, 2013.5370,   397.62,   396.98,     397.36,   396.76,     397.62,   396.98
2013, 08,   41501, 2013.6219,   394.58,   396.43,     395.08,   396.97,     394.58,   396.43
2013, 09,   41532, 2013.7068,   393.50,   397.18,     393.49,   397.18,     393.50,   397.18
2013, 10,   41562, 2013.7890,   394.00,   397.58,     393.81,   397.37,     394.00,   397.58
2013, 11,   41593, 2013.8740,   395.63,   397.76,     395.46,   397.57,     395.63,   397.76
2013, 12,   41623, 2013.9562,   396.74,   397.53,     396.98,   397.75,     396.74,   397.53
2014, 01,   41654, 2014.0411,   398.02,   397.91,     398.05,   397.93,     398.02,   397.91
2014, 02,   41685, 2014.1260,   398.21,   397.43,     398.90,   398.11,     398.21,   397.43
2014, 03,   41713, 2014.2027,   400.12,   398.48,     399.93,   398.27,     400.12,   398.48
2014, 04,   41744, 2014.2877,   401.79,   398.85,     401.40,   398.44,     401.79,   398.85
2014, 05,   41774, 2014.3699,   402.45,   398.97,     402.08,   398.60,     402.45,   398.97
2014, 06,   41805, 2014.4548,   401.75,   399.19,     401.29,   398.75,     401.75,   399.19
2014, 07,   41835, 2014.5370,   399.07,   398.43,     399.50,   398.90,     399.07,   398.43
2014, 08,   41866, 2014.6219,   396.77,   398.62,     397.15,   399.05,     396.77,   398.62
2014, 09,   41897, 2014.7068,   395.50,   399.19,     395.50,   399.20,     395.50,   399.19
2014, 10,   41927, 2014.7890,   395.58,   399.17,     395.79,   399.36,     395.58,   399.17
2014, 11,   41958, 2014.8740,   397.42,   399.56,     397.42,   399.53,     397.42,   399.56
2014, 12,   41988, 2014.9562,   399.37,   400.17,     398.92,   399.69,     399.37,   400.17
2015, 01,   42019, 2015.0411,   400.13,   400.03,     399.98,   399.86,     400.13,   400.03
2015, 02,   42050, 2015.1260,   400.62,   399.85,     400.83,   400.04,     400.62,   399.85
2015, 03,   42078, 2015.2027,   401.53,   399.88,     401.87,   400.21,     401.53,   399.88
2015, 04,   42109, 2015.2877,   403.85,   400.90,     403.36,   400.40,     403.85,   400.90
2015, 05,   42139, 2015.3699,   404.09,   400.60,     404.08,   400.59,     404.09,   400.60
2015, 06,   42170, 2015.4548,   403.04,   400.47,     403.36,   400.81,     403.04,   400.47
2015, 07,   42200, 2015.5370,   401.29,   400.65,     401.64,   401.04,     401.29,   400.65
2015, 08,   42231, 2015.6219,   399.17,   401.04,     399.38,   401.29,     399.17,   401.04
2015, 09,   42262, 2015.7068,   397.64,   401.33,     397.84,   401.55,     397.64,   401.33
2015, 10,   42292, 2015.7890,   398.43,   402.02,     398.24,   401.82,     398.43,   402.02
2015, 11,   42323, 2015.8740,   400.04,   402.18,     399.98,   402.10,     400.04,   402.18
2015, 12,   42353, 2015.9562,   401.57,   402.36,     401.60,   402.37,     401.57,   402.36
2016, 01,   42384, 2016.0410,   402.67,   402.56,     402.77,   402.65,     402.67,   402.56
2016, 02,   42415, 2016.1257,   404.04,   403.26,     403.71,   402.93,     404.04,   403.26
2016, 03,   42444, 2016.2049,   404.70,   403.02,     404.87,   403.17,     404.70,   403.02
2016, 04,   42475, 2016.2896,   407.14,   404.15,     406.42,   403.42,     407.14,   404.15
2016, 05,   42505, 2016.3716,   407.79,   404.30,     407.14,   403.65,     407.79,   404.30
2016, 06,   42536, 2016.4563,   406.11,   403.56,     406.39,   403.87,     406.11,   403.56
2016, 07,   42566, 2016.5383,   404.39,   403.78,     404.64,   404.07,     404.39,   403.78
2016, 08,   42597, 2016.6230,   402.03,   403.93,     402.35,   404.28,     402.03,   403.93
2016, 09,   42628, 2016.7077,   400.23,   403.95,     400.77,   404.50,     400.23,   403.95
2016, 10,   42658, 2016.7896,   401.52,   405.12,     -99.99,   -99.99,     401.52,   405.12
2016, 11,   42689, 2016.8743,   -99.99,   -99.99,     -99.99,   -99.99,     -99.99,   -99.99
2016, 12,   42719, 2016.9563,   -99.99,   -99.99,     -99.99,   -99.99,     -99.99,   -99.99
